{"model":{"type":"range_dispatch","property":"custom_model_data","index":0,"fallback":{"type":"minecraft:model","model":"minecraft:block/spawner"},"entries":[{"threshold":10000,"model":{"type":"model","model":"astral:item/ia_auto/spawner_cow"}},{"threshold":10001,"model":{"type":"model","model":"astral:item/ia_auto/spawner_creeper"}},{"threshold":10002,"model":{"type":"model","model":"astral:item/ia_auto/spawner_zombie"}},{"threshold":10003,"model":{"type":"model","model":"astral:item/ia_auto/spawner_enderman"}},{"threshold":10004,"model":{"type":"model","model":"item/spawner"}}]},"oversized_in_gui":true}